{
  "final_mse": 0.008281596750020982,
  "final_mse_std": 1.5107734648362353e-06,
  "deepstack_mse": 0.0064328449869450795,
  "deepstack_mse_std": 3.1674682878646233e-06,
  "final_cos": 0.34549028873443605,
  "deepstack_cos": 0.5775417343775431,
  "num_samples": 100
}