{
  "final_mse": 178.29833537101746,
  "final_mse_std": 126.57629621683348,
  "deepstack_mse": 0.048846983568121984,
  "deepstack_mse_std": 0.0035012972831168715,
  "final_cos": -0.011808323916047811,
  "deepstack_cos": 0.020847113125491888,
  "num_samples": 200
}